postcode,client_name
CO15 3DT,Adam Adams
EN11 8FN,Bob Baker
IP33 1UZ,Charlie Carter
NN16 0EF,Duke Dutton
MK16 0AG,Euain Ewanson
PE21 7QR,Frankie Fritz
SG2 9XU,George Graham
PE9 1PJ,Hank Harrison
PE27 5BH,Ingrid Isbister
HP23 5BN,Jack Johnson
NN4 5BZ,Kamala Kendricks
CM23 2JT,Lewis Lewisham
CM3 4NQ,Mark Mason
PE19 2AW,Nellie Norton
CM6 1AE,Omar O'Malley
PE19 1RJ,Penny Porter
MK9 1AE,Quintin Quincy
PE8 4EJ,Rachel Roberts
PE26 1AE,Sarah Stevenson
MK10 9BQ,Tina Thompson
